<?xml version="1.0" encoding="UTF-8"?><?xml-stylesheet type='text/xsl' href='_UpgradeReport_Files/UpgradeReport.xslt'?><UpgradeLog>
<Properties><Property Name="Solution" Value="Lab7">
</Property><Property Name="Solution File" Value="C:\VB.NET\Lab7 Complete\Lab7.sln">
</Property><Property Name="Date" Value="Monday, February 16, 2009">
</Property><Property Name="Time" Value="4:53:33 AM">
</Property></Properties><Event ErrorLevel="0" Project="Lab7" Source="Lab7.vbproj" Description="Project converted successfully">
</Event><Event ErrorLevel="3" Project="Lab7" Source="Lab7.vbproj" Description="Converted">
</Event><Event ErrorLevel="0" Project="Lab7" Source="Lab7.vbproj" Description="Scan complete: Upgrade not required for project files.">
</Event></UpgradeLog>